año,mes,periodo,codigo_distribuidora,codigo_agencia,meta_venta,meta_unidades
2024,1,202401,DIST_001,AGN-101,47323220.0,13403
2024,1,202401,DIST-001,AGN-102,35338034.0,14141
2024,1,202401,DIST_001,AGN-103,35390512.0,6686
2024,1,202401,DIST-002,AGC-201,44834505.0,16998
2024,1,202401,DIST_002,AGC-202,84848658.0,15576
2024,1,202401,DIST_002,AGC-203,64910967.0,19967
2024,1,202401,DIST-002,AGC-204,55613962.0,11778
2024,1,202401,DIST-003,AGS-301,50561854.0,17046
2024,1,202401,DIST-003,AGS-302,84053339.0,5351
2024,1,202401,DIST-003,AGS-303,76609930.0,9887
2024,1,202401,DIST-003,AGS-304,62252712.0,7125
2024,1,202401,DIST_003,AGS-305,52017147.0,9102
2024,1,202401,DIST-004,AGO-401,69237217.0,10561
2024,1,202401,DIST-004,AGO-402,43498608.0,11117
2024,1,202401,DIST-004,AGO-403,78427906.0,13473
2024,1,202401,DIST-005,AGW-501,53331950.0,17794
2024,1,202401,DIST-005,AGW-502,75498405.0,10175
2024,1,202401,DIST_005,AGW-503,42029310.0,18346
2024,1,202401,DIST-005,AGW-504,59940310.0,13182
2024,1,202401,DIST_006,AGU-601,60078593.0,5706
2024,1,202401,DIST-006,AGU-602,35952035.0,10737
2024,1,202401,DIST_006,AGU-603,76151681.0,17070
2024,1,202401,DIST_007,AGE-701,56117695.0,10103
2024,1,202401,DIST_007,AGE-702,45861111.0,15121
2024,1,202401,DIST_007,AGE-703,48764123.0,17247
2024,1,202401,DIST-007,AGE-704,60741770.0,8469
2024,1,202401,DIST-008,AGM-801,61040242.0,11225
2024,1,202401,DIST-008,AGM-802,54840701.0,11664
2024,1,202401,DIST_008,AGM-803,73686726.0,6519
2024,1,202401,DIST_008,AGM-804,41555530.0,11796
2024,1,202401,DIST-008,AGM-805,78772014.0,18512
2024,1,202401,DIST-009,AGA-901,45289305.0,18426
2024,1,202401,DIST-009,AGA-902,56593432.0,13866
2024,1,202401,DIST_009,AGA-903,73475242.0,18069
2024,1,202401,DIST_010,AGP-1001,59153804.0,5710
2024,1,202401,DIST-010,AGP-1002,51334461.0,13338
2024,1,202401,DIST-010,AGP-1003,50286571.0,5273
2024,1,202401,DIST-010,AGP-1004,57927583.0,11832
2024,2,202402,DIST-001,AGN-101,52128242.0,6046
2024,2,202402,DIST-001,AGN-102,50212747.0,17598
2024,2,202402,DIST-001,AGN-103,53121398.0,17204
2024,2,202402,DIST_002,AGC-201,77403137.0,15056
2024,2,202402,DIST_002,AGC-202,27416033.0,19375
2024,2,202402,DIST-002,AGC-203,59417723.0,15594
2024,2,202402,DIST-002,AGC-204,48449564.0,12038
2024,2,202402,DIST-003,AGS-301,32758911.0,12294
2024,2,202402,DIST-003,AGS-302,55556895.0,17023
2024,2,202402,DIST_003,AGS-303,38185494.0,8912
2024,2,202402,DIST_003,AGS-304,50305557.0,13178
2024,2,202402,DIST-003,AGS-305,60655103.0,11696
2024,2,202402,DIST-004,AGO-401,29467021.0,14774
2024,2,202402,DIST-004,AGO-402,40130395.0,19720
2024,2,202402,DIST-004,AGO-403,79849663.0,6323
2024,2,202402,DIST-005,AGW-501,66221251.0,11500
2024,2,202402,DIST-005,AGW-502,44251687.0,18527
2024,2,202402,DIST-005,AGW-503,72247079.0,11710
2024,2,202402,DIST-005,AGW-504,27343093.0,14034
2024,2,202402,DIST_006,AGU-601,31361852.0,7206
2024,2,202402,DIST-006,AGU-602,46365067.0,7187
2024,2,202402,DIST-006,AGU-603,31475133.0,16017
2024,2,202402,DIST-007,AGE-701,33068710.0,5245
2024,2,202402,DIST-007,AGE-702,37027556.0,5282
2024,2,202402,DIST_007,AGE-703,65028679.0,11201
2024,2,202402,DIST_007,AGE-704,44999863.0,14522
2024,2,202402,DIST-008,AGM-801,45836291.0,12391
2024,2,202402,DIST-008,AGM-802,59436078.0,12458
2024,2,202402,DIST-008,AGM-803,54760741.0,8682
2024,2,202402,DIST_008,AGM-804,39940218.0,8762
2024,2,202402,DIST-008,AGM-805,38045108.0,19428
2024,2,202402,DIST-009,AGA-901,43826456.0,18536
2024,2,202402,DIST-009,AGA-902,44905120.0,16485
2024,2,202402,DIST-009,AGA-903,79411102.0,16902
2024,2,202402,DIST_010,AGP-1001,30770829.0,17374
2024,2,202402,DIST_010,AGP-1002,70844540.0,15899
2024,2,202402,DIST-010,AGP-1003,26138014.0,9612
2024,2,202402,DIST_010,AGP-1004,26342358.0,16304
2024,3,202403,DIST-001,AGN-101,42525814.0,18422
2024,3,202403,DIST_001,AGN-102,67263670.0,11808
2024,3,202403,DIST-001,AGN-103,41311502.0,7749
2024,3,202403,DIST_002,AGC-201,81503356.0,7160
2024,3,202403,DIST-002,AGC-202,78225031.0,7149
2024,3,202403,DIST-002,AGC-203,92294244.0,12499
2024,3,202403,DIST_002,AGC-204,82118468.0,13091
2024,3,202403,DIST_003,AGS-301,90614331.0,5508
2024,3,202403,DIST-003,AGS-302,53062856.0,11220
2024,3,202403,DIST_003,AGS-303,36937587.0,14791
2024,3,202403,DIST-003,AGS-304,85781859.0,8662
2024,3,202403,DIST_003,AGS-305,41415574.0,17293
2024,3,202403,DIST-004,AGO-401,46288441.0,7209
2024,3,202403,DIST_004,AGO-402,88642062.0,17612
2024,3,202403,DIST-004,AGO-403,74245567.0,18601
2024,3,202403,DIST_005,AGW-501,53278001.0,19688
2024,3,202403,DIST-005,AGW-502,83334058.0,14947
2024,3,202403,DIST-005,AGW-503,71519852.0,7760
2024,3,202403,DIST-005,AGW-504,75945096.0,19544
2024,3,202403,DIST-006,AGU-601,59342872.0,18381
2024,3,202403,DIST-006,AGU-602,81574874.0,19634
2024,3,202403,DIST-006,AGU-603,39149482.0,6301
2024,3,202403,DIST-007,AGE-701,43857095.0,14436
2024,3,202403,DIST-007,AGE-702,55087830.0,7223
2024,3,202403,DIST_007,AGE-703,46839124.0,9771
2024,3,202403,DIST_007,AGE-704,60733861.0,11506
2024,3,202403,DIST-008,AGM-801,42018259.0,18247
2024,3,202403,DIST_008,AGM-802,91906581.0,17060
2024,3,202403,DIST_008,AGM-803,96542464.0,16682
2024,3,202403,DIST_008,AGM-804,32336015.0,18130
2024,3,202403,DIST-008,AGM-805,48751351.0,12716
2024,3,202403,DIST_009,AGA-901,88829535.0,15811
2024,3,202403,DIST-009,AGA-902,54355889.0,13924
2024,3,202403,DIST-009,AGA-903,62874757.0,19202
2024,3,202403,DIST_010,AGP-1001,54654064.0,7536
2024,3,202403,DIST-010,AGP-1002,74759743.0,7825
2024,3,202403,DIST-010,AGP-1003,88720147.0,8514
2024,3,202403,DIST-010,AGP-1004,98515761.0,12085
2024,4,202404,DIST-001,AGN-101,64182294.0,16505
2024,4,202404,DIST_001,AGN-102,71733414.0,9309
2024,4,202404,DIST-001,AGN-103,85237866.0,7462
2024,4,202404,DIST_002,AGC-201,48099765.0,13699
2024,4,202404,DIST_002,AGC-202,61854358.0,14348
2024,4,202404,DIST-002,AGC-203,35895805.0,13506
2024,4,202404,DIST-002,AGC-204,80900845.0,15037
2024,4,202404,DIST-003,AGS-301,54495270.0,7474
2024,4,202404,DIST_003,AGS-302,70045063.0,10373
2024,4,202404,DIST-003,AGS-303,99066242.0,16079
2024,4,202404,DIST_003,AGS-304,49152684.0,5351
2024,4,202404,DIST_003,AGS-305,69186245.0,19850
2024,4,202404,DIST-004,AGO-401,55936875.0,16280
2024,4,202404,DIST-004,AGO-402,84627258.0,14062
2024,4,202404,DIST-004,AGO-403,92429680.0,10378
2024,4,202404,DIST_005,AGW-501,66463254.0,9918
2024,4,202404,DIST-005,AGW-502,76611937.0,12855
2024,4,202404,DIST_005,AGW-503,61756193.0,12816
2024,4,202404,DIST-005,AGW-504,80019786.0,17231
2024,4,202404,DIST-006,AGU-601,98973230.0,15790
2024,4,202404,DIST-006,AGU-602,48592104.0,12812
2024,4,202404,DIST-006,AGU-603,31788333.0,18650
2024,4,202404,DIST-007,AGE-701,62974902.0,8094
2024,4,202404,DIST-007,AGE-702,91869604.0,9469
2024,4,202404,DIST-007,AGE-703,34988229.0,17246
2024,4,202404,DIST_007,AGE-704,53758063.0,19429
2024,4,202404,DIST-008,AGM-801,30981465.0,15526
2024,4,202404,DIST_008,AGM-802,50351028.0,18153
2024,4,202404,DIST-008,AGM-803,96354058.0,9561
2024,4,202404,DIST-008,AGM-804,58367649.0,9644
2024,4,202404,DIST-008,AGM-805,43453288.0,17928
2024,4,202404,DIST-009,AGA-901,60192554.0,9361
2024,4,202404,DIST_009,AGA-902,38570626.0,5329
2024,4,202404,DIST_009,AGA-903,45170101.0,12840
2024,4,202404,DIST-010,AGP-1001,45192972.0,8946
2024,4,202404,DIST-010,AGP-1002,43710196.0,9965
2024,4,202404,DIST-010,AGP-1003,57014132.0,19142
2024,4,202404,DIST-010,AGP-1004,44755609.0,13787
2024,5,202405,DIST-001,AGN-101,84885966.0,19586
2024,5,202405,DIST_001,AGN-102,76342657.0,14966
2024,5,202405,DIST_001,AGN-103,96942976.0,5779
2024,5,202405,DIST_002,AGC-201,34157699.0,17225
2024,5,202405,DIST-002,AGC-202,39401462.0,5056
2024,5,202405,DIST-002,AGC-203,57961157.0,6932
2024,5,202405,DIST-002,AGC-204,60435026.0,15691
2024,5,202405,DIST-003,AGS-301,59447633.0,12437
2024,5,202405,DIST_003,AGS-302,59827125.0,6417
2024,5,202405,DIST-003,AGS-303,49163560.0,15773
2024,5,202405,DIST-003,AGS-304,90246122.0,7568
2024,5,202405,DIST_003,AGS-305,54226547.0,17382
2024,5,202405,DIST-004,AGO-401,39097089.0,18360
2024,5,202405,DIST-004,AGO-402,49886501.0,5266
2024,5,202405,DIST-004,AGO-403,53507531.0,11539
2024,5,202405,DIST-005,AGW-501,94136627.0,14988
2024,5,202405,DIST-005,AGW-502,73361342.0,15387
2024,5,202405,DIST-005,AGW-503,48965554.0,9381
2024,5,202405,DIST_005,AGW-504,78012797.0,16802
2024,5,202405,DIST-006,AGU-601,78800733.0,9034
2024,5,202405,DIST_006,AGU-602,55488579.0,17365
2024,5,202405,DIST-006,AGU-603,47854933.0,17999
2024,5,202405,DIST-007,AGE-701,77775320.0,15028
2024,5,202405,DIST_007,AGE-702,62386025.0,12455
2024,5,202405,DIST-007,AGE-703,48848998.0,5096
2024,5,202405,DIST-007,AGE-704,37866907.0,8304
2024,5,202405,DIST-008,AGM-801,80688632.0,16318
2024,5,202405,DIST-008,AGM-802,41013039.0,8717
2024,5,202405,DIST-008,AGM-803,93468147.0,11046
2024,5,202405,DIST-008,AGM-804,71800925.0,8517
2024,5,202405,DIST-008,AGM-805,57196133.0,17161
2024,5,202405,DIST-009,AGA-901,30969234.0,17601
2024,5,202405,DIST-009,AGA-902,52364476.0,13559
2024,5,202405,DIST-009,AGA-903,48851934.0,19514
2024,5,202405,DIST-010,AGP-1001,73248801.0,13371
2024,5,202405,DIST-010,AGP-1002,78452654.0,18002
2024,5,202405,DIST-010,AGP-1003,37566576.0,8505
2024,5,202405,DIST_010,AGP-1004,63397254.0,18194
2024,6,202406,DIST_001,AGN-101,44372221.0,11453
2024,6,202406,DIST-001,AGN-102,110900815.0,19669
2024,6,202406,DIST_001,AGN-103,46754575.0,15368
2024,6,202406,DIST_002,AGC-201,36059683.0,10468
2024,6,202406,DIST-002,AGC-202,111072362.0,13580
2024,6,202406,DIST-002,AGC-203,92145364.0,19958
2024,6,202406,DIST_002,AGC-204,76405752.0,6376
2024,6,202406,DIST-003,AGS-301,108755509.0,10777
2024,6,202406,DIST-003,AGS-302,77629938.0,19654
2024,6,202406,DIST-003,AGS-303,47224159.0,11145
2024,6,202406,DIST-003,AGS-304,96795163.0,19516
2024,6,202406,DIST_003,AGS-305,85777015.0,5209
2024,6,202406,DIST-004,AGO-401,91288926.0,6570
2024,6,202406,DIST-004,AGO-402,40080707.0,5942
2024,6,202406,DIST_004,AGO-403,99438083.0,15669
2024,6,202406,DIST-005,AGW-501,66230152.0,17432
2024,6,202406,DIST-005,AGW-502,84876284.0,6232
2024,6,202406,DIST_005,AGW-503,93551315.0,16340
2024,6,202406,DIST-005,AGW-504,44149321.0,8334
2024,6,202406,DIST-006,AGU-601,78356274.0,15879
2024,6,202406,DIST-006,AGU-602,66514033.0,17903
2024,6,202406,DIST-006,AGU-603,114267518.0,11041
2024,6,202406,DIST-007,AGE-701,95822221.0,5358
2024,6,202406,DIST-007,AGE-702,119455271.0,14017
2024,6,202406,DIST_007,AGE-703,103505459.0,13513
2024,6,202406,DIST-007,AGE-704,115040117.0,17599
2024,6,202406,DIST-008,AGM-801,74922457.0,15372
2024,6,202406,DIST-008,AGM-802,79650187.0,16438
2024,6,202406,DIST_008,AGM-803,58838711.0,9700
2024,6,202406,DIST-008,AGM-804,43324636.0,16627
2024,6,202406,DIST-008,AGM-805,70010770.0,9170
2024,6,202406,DIST_009,AGA-901,40753716.0,10808
2024,6,202406,DIST_009,AGA-902,53382743.0,12297
2024,6,202406,DIST_009,AGA-903,63445976.0,19418
2024,6,202406,DIST_010,AGP-1001,95791890.0,14334
2024,6,202406,DIST-010,AGP-1002,86047234.0,7552
2024,6,202406,DIST-010,AGP-1003,71703800.0,14250
2024,6,202406,DIST-010,AGP-1004,72748160.0,6205
2024,7,202407,DIST_001,AGN-101,76372734.0,5075
2024,7,202407,DIST-001,AGN-102,62153271.0,17579
2024,7,202407,DIST-001,AGN-103,96957467.0,11532
2024,7,202407,DIST_002,AGC-201,66015043.0,7017
2024,7,202407,DIST-002,AGC-202,39411542.0,18157
2024,7,202407,DIST_002,AGC-203,55315470.0,15376
2024,7,202407,DIST_002,AGC-204,56795129.0,10440
2024,7,202407,DIST-003,AGS-301,92209317.0,10333
2024,7,202407,DIST-003,AGS-302,83032920.0,13575
2024,7,202407,DIST-003,AGS-303,45418245.0,10492
2024,7,202407,DIST-003,AGS-304,86475021.0,8735
2024,7,202407,DIST-003,AGS-305,70035429.0,10373
2024,7,202407,DIST-004,AGO-401,65720460.0,13612
2024,7,202407,DIST-004,AGO-402,60912387.0,6702
2024,7,202407,DIST-004,AGO-403,68331466.0,5028
2024,7,202407,DIST-005,AGW-501,39478027.0,10075
2024,7,202407,DIST-005,AGW-502,77678395.0,13201
2024,7,202407,DIST-005,AGW-503,65207907.0,8421
2024,7,202407,DIST-005,AGW-504,97851009.0,12143
2024,7,202407,DIST-006,AGU-601,37260161.0,16546
2024,7,202407,DIST-006,AGU-602,59971397.0,5773
2024,7,202407,DIST-006,AGU-603,54097640.0,5768
2024,7,202407,DIST-007,AGE-701,63358218.0,7685
2024,7,202407,DIST_007,AGE-702,38119116.0,11702
2024,7,202407,DIST-007,AGE-703,88875856.0,12979
2024,7,202407,DIST-007,AGE-704,71704274.0,8147
2024,7,202407,DIST-008,AGM-801,34400391.0,9681
2024,7,202407,DIST-008,AGM-802,86166184.0,5497
2024,7,202407,DIST-008,AGM-803,69001503.0,13001
2024,7,202407,DIST-008,AGM-804,58900261.0,18106
2024,7,202407,DIST-008,AGM-805,48002310.0,17823
2024,7,202407,DIST-009,AGA-901,72596146.0,12247
2024,7,202407,DIST_009,AGA-902,79606215.0,7638
2024,7,202407,DIST-009,AGA-903,80063862.0,10989
2024,7,202407,DIST_010,AGP-1001,91470356.0,12303
2024,7,202407,DIST-010,AGP-1002,63891995.0,17961
2024,7,202407,DIST-010,AGP-1003,55605952.0,10449
2024,7,202407,DIST_010,AGP-1004,41396590.0,11671
2024,8,202408,DIST_001,AGN-101,85192892.0,12250
2024,8,202408,DIST-001,AGN-102,87669340.0,11253
2024,8,202408,DIST-001,AGN-103,45522510.0,6086
2024,8,202408,DIST_002,AGC-201,91460212.0,15314
2024,8,202408,DIST_002,AGC-202,84205167.0,16965
2024,8,202408,DIST-002,AGC-203,34798348.0,10733
2024,8,202408,DIST-002,AGC-204,91566350.0,16427
2024,8,202408,DIST-003,AGS-301,78232476.0,13807
2024,8,202408,DIST-003,AGS-302,57289932.0,5785
2024,8,202408,DIST_003,AGS-303,41983216.0,13884
2024,8,202408,DIST-003,AGS-304,49723623.0,11771
2024,8,202408,DIST-003,AGS-305,48409529.0,10431
2024,8,202408,DIST-004,AGO-401,93625536.0,17698
2024,8,202408,DIST_004,AGO-402,53476411.0,15838
2024,8,202408,DIST-004,AGO-403,70390247.0,12369
2024,8,202408,DIST_005,AGW-501,73449846.0,6586
2024,8,202408,DIST-005,AGW-502,34120848.0,19206
2024,8,202408,DIST-005,AGW-503,86487779.0,13464
2024,8,202408,DIST-005,AGW-504,91907045.0,15641
2024,8,202408,DIST-006,AGU-601,32079336.0,10612
2024,8,202408,DIST-006,AGU-602,81239109.0,18214
2024,8,202408,DIST_006,AGU-603,53473794.0,11584
2024,8,202408,DIST-007,AGE-701,79321632.0,7537
2024,8,202408,DIST-007,AGE-702,86426834.0,5142
2024,8,202408,DIST-007,AGE-703,35106535.0,16275
2024,8,202408,DIST-007,AGE-704,83503755.0,5316
2024,8,202408,DIST-008,AGM-801,48327856.0,7582
2024,8,202408,DIST-008,AGM-802,97133270.0,13659
2024,8,202408,DIST-008,AGM-803,38713758.0,18094
2024,8,202408,DIST_008,AGM-804,51428641.0,17192
2024,8,202408,DIST-008,AGM-805,47275602.0,12111
2024,8,202408,DIST-009,AGA-901,80942662.0,13660
2024,8,202408,DIST_009,AGA-902,50476061.0,6913
2024,8,202408,DIST_009,AGA-903,56262875.0,7269
2024,8,202408,DIST-010,AGP-1001,65009004.0,7930
2024,8,202408,DIST_010,AGP-1002,65337837.0,6729
2024,8,202408,DIST-010,AGP-1003,98952445.0,15767
2024,8,202408,DIST-010,AGP-1004,95267934.0,17013
2024,9,202409,DIST-001,AGN-101,59838032.0,11428
2024,9,202409,DIST-001,AGN-102,71033349.0,14672
2024,9,202409,DIST-001,AGN-103,49894588.0,7338
2024,9,202409,DIST-002,AGC-201,80651032.0,17050
2024,9,202409,DIST_002,AGC-202,72583270.0,8006
2024,9,202409,DIST-002,AGC-203,98854953.0,10642
2024,9,202409,DIST-002,AGC-204,58121195.0,18335
2024,9,202409,DIST_003,AGS-301,51800327.0,6812
2024,9,202409,DIST-003,AGS-302,94112709.0,14292
2024,9,202409,DIST-003,AGS-303,43389309.0,18792
2024,9,202409,DIST-003,AGS-304,45993470.0,19512
2024,9,202409,DIST-003,AGS-305,99685783.0,7531
2024,9,202409,DIST-004,AGO-401,92031046.0,14499
2024,9,202409,DIST_004,AGO-402,40486788.0,17940
2024,9,202409,DIST-004,AGO-403,76981128.0,8167
2024,9,202409,DIST-005,AGW-501,70873992.0,13363
2024,9,202409,DIST-005,AGW-502,98323542.0,17615
2024,9,202409,DIST-005,AGW-503,46710890.0,10256
2024,9,202409,DIST-005,AGW-504,69807267.0,7169
2024,9,202409,DIST_006,AGU-601,90496359.0,17680
2024,9,202409,DIST-006,AGU-602,44031459.0,10099
2024,9,202409,DIST_006,AGU-603,99376667.0,18607
2024,9,202409,DIST-007,AGE-701,81733208.0,18487
2024,9,202409,DIST-007,AGE-702,84617293.0,7780
2024,9,202409,DIST-007,AGE-703,92213710.0,11461
2024,9,202409,DIST-007,AGE-704,83677826.0,5469
2024,9,202409,DIST_008,AGM-801,43283000.0,5844
2024,9,202409,DIST-008,AGM-802,92600390.0,9250
2024,9,202409,DIST-008,AGM-803,94133748.0,13824
2024,9,202409,DIST-008,AGM-804,31564818.0,8855
2024,9,202409,DIST-008,AGM-805,75801522.0,9418
2024,9,202409,DIST_009,AGA-901,94870732.0,11909
2024,9,202409,DIST_009,AGA-902,46775437.0,14026
2024,9,202409,DIST-009,AGA-903,31442644.0,5126
2024,9,202409,DIST-010,AGP-1001,57404781.0,19340
2024,9,202409,DIST_010,AGP-1002,79339799.0,19429
2024,9,202409,DIST_010,AGP-1003,61880224.0,15818
2024,9,202409,DIST-010,AGP-1004,66575501.0,7262
2024,10,202410,DIST-001,AGN-101,30986219.0,9431
2024,10,202410,DIST-001,AGN-102,78520907.0,18690
2024,10,202410,DIST-001,AGN-103,81152575.0,6175
2024,10,202410,DIST-002,AGC-201,64578606.0,14245
2024,10,202410,DIST_002,AGC-202,45353833.0,10774
2024,10,202410,DIST-002,AGC-203,84070647.0,10572
2024,10,202410,DIST-002,AGC-204,63742887.0,10157
2024,10,202410,DIST_003,AGS-301,46733536.0,14530
2024,10,202410,DIST-003,AGS-302,96911098.0,7005
2024,10,202410,DIST-003,AGS-303,74301279.0,5890
2024,10,202410,DIST-003,AGS-304,58964863.0,6386
2024,10,202410,DIST-003,AGS-305,88620139.0,16243
2024,10,202410,DIST_004,AGO-401,47263291.0,18780
2024,10,202410,DIST-004,AGO-402,60695657.0,18893
2024,10,202410,DIST-004,AGO-403,53938274.0,8361
2024,10,202410,DIST-005,AGW-501,96966837.0,12922
2024,10,202410,DIST-005,AGW-502,92310065.0,6242
2024,10,202410,DIST_005,AGW-503,41382821.0,10927
2024,10,202410,DIST-005,AGW-504,45175144.0,18710
2024,10,202410,DIST_006,AGU-601,80802240.0,16161
2024,10,202410,DIST-006,AGU-602,78004539.0,14888
2024,10,202410,DIST-006,AGU-603,80811411.0,12762
2024,10,202410,DIST_007,AGE-701,87562893.0,16960
2024,10,202410,DIST_007,AGE-702,64495444.0,13981
2024,10,202410,DIST-007,AGE-703,84825417.0,12792
2024,10,202410,DIST_007,AGE-704,89376897.0,10281
2024,10,202410,DIST-008,AGM-801,75234877.0,5286
2024,10,202410,DIST-008,AGM-802,96472263.0,8115
2024,10,202410,DIST-008,AGM-803,47510605.0,12575
2024,10,202410,DIST_008,AGM-804,63553065.0,7385
2024,10,202410,DIST-008,AGM-805,66805969.0,7515
2024,10,202410,DIST-009,AGA-901,89897227.0,8423
2024,10,202410,DIST-009,AGA-902,61184085.0,6360
2024,10,202410,DIST-009,AGA-903,32225788.0,13946
2024,10,202410,DIST-010,AGP-1001,46696251.0,13554
2024,10,202410,DIST-010,AGP-1002,95562779.0,14564
2024,10,202410,DIST-010,AGP-1003,35613041.0,15131
2024,10,202410,DIST-010,AGP-1004,75204756.0,9299
2024,11,202411,DIST-001,AGN-101,112053800.0,19690
2024,11,202411,DIST_001,AGN-102,91727651.0,9303
2024,11,202411,DIST-001,AGN-103,44576209.0,15821
2024,11,202411,DIST-002,AGC-201,110570027.0,16899
2024,11,202411,DIST-002,AGC-202,57325630.0,13870
2024,11,202411,DIST-002,AGC-203,113770013.0,6791
2024,11,202411,DIST-002,AGC-204,106518750.0,17934
2024,11,202411,DIST-003,AGS-301,56373246.0,10880
2024,11,202411,DIST-003,AGS-302,108606550.0,8189
2024,11,202411,DIST-003,AGS-303,66455881.0,19905
2024,11,202411,DIST-003,AGS-304,83007948.0,6095
2024,11,202411,DIST_003,AGS-305,77753534.0,12650
2024,11,202411,DIST-004,AGO-401,59955514.0,5393
2024,11,202411,DIST-004,AGO-402,51763040.0,10000
2024,11,202411,DIST-004,AGO-403,69100704.0,16308
2024,11,202411,DIST-005,AGW-501,47223065.0,8676
2024,11,202411,DIST_005,AGW-502,102983742.0,16406
2024,11,202411,DIST-005,AGW-503,119495844.0,19164
2024,11,202411,DIST-005,AGW-504,50346008.0,12663
2024,11,202411,DIST-006,AGU-601,83013160.0,15011
2024,11,202411,DIST_006,AGU-602,52314173.0,9539
2024,11,202411,DIST-006,AGU-603,117618862.0,15457
2024,11,202411,DIST_007,AGE-701,80084459.0,17705
2024,11,202411,DIST-007,AGE-702,65152679.0,18070
2024,11,202411,DIST-007,AGE-703,93646326.0,13665
2024,11,202411,DIST-007,AGE-704,52269017.0,5235
2024,11,202411,DIST-008,AGM-801,81376567.0,13345
2024,11,202411,DIST-008,AGM-802,80078881.0,14027
2024,11,202411,DIST_008,AGM-803,38083556.0,19530
2024,11,202411,DIST-008,AGM-804,59077561.0,13497
2024,11,202411,DIST_008,AGM-805,42084702.0,16486
2024,11,202411,DIST-009,AGA-901,79261026.0,19291
2024,11,202411,DIST-009,AGA-902,64912762.0,16949
2024,11,202411,DIST-009,AGA-903,115056540.0,8921
2024,11,202411,DIST-010,AGP-1001,37853059.0,11778
2024,11,202411,DIST-010,AGP-1002,47074404.0,19717
2024,11,202411,DIST-010,AGP-1003,45413564.0,6300
2024,11,202411,DIST-010,AGP-1004,95912039.0,15011
2024,12,202412,DIST_001,AGN-101,88175955.0,10160
2024,12,202412,DIST-001,AGN-102,49184610.0,5824
2024,12,202412,DIST-001,AGN-103,120363772.0,6381
2024,12,202412,DIST-002,AGC-201,122842395.0,17746
2024,12,202412,DIST-002,AGC-202,136701989.0,19693
2024,12,202412,DIST-002,AGC-203,65595622.0,13505
2024,12,202412,DIST-002,AGC-204,123825997.0,18702
2024,12,202412,DIST-003,AGS-301,52079289.0,16651
2024,12,202412,DIST_003,AGS-302,97902951.0,10684
2024,12,202412,DIST-003,AGS-303,101568323.0,13335
2024,12,202412,DIST-003,AGS-304,101105540.0,13796
2024,12,202412,DIST_003,AGS-305,118559046.0,14653
2024,12,202412,DIST-004,AGO-401,137175874.0,7751
2024,12,202412,DIST-004,AGO-402,134228144.0,9890
2024,12,202412,DIST-004,AGO-403,88891503.0,17788
2024,12,202412,DIST-005,AGW-501,114307182.0,14645
2024,12,202412,DIST_005,AGW-502,69465778.0,19496
2024,12,202412,DIST_005,AGW-503,71686328.0,5695
2024,12,202412,DIST-005,AGW-504,96409111.0,11958
2024,12,202412,DIST-006,AGU-601,122118860.0,8034
2024,12,202412,DIST-006,AGU-602,44807479.0,16309
2024,12,202412,DIST-006,AGU-603,92421001.0,14402
2024,12,202412,DIST-007,AGE-701,62300504.0,17273
2024,12,202412,DIST-007,AGE-702,122827335.0,8966
2024,12,202412,DIST-007,AGE-703,93793309.0,8396
2024,12,202412,DIST-007,AGE-704,97125742.0,10570
2024,12,202412,DIST_008,AGM-801,93939160.0,6350
2024,12,202412,DIST-008,AGM-802,50123354.0,7163
2024,12,202412,DIST-008,AGM-803,65112880.0,18759
2024,12,202412,DIST-008,AGM-804,92331173.0,7625
2024,12,202412,DIST-008,AGM-805,85664072.0,8544
2024,12,202412,DIST_009,AGA-901,67358848.0,10326
2024,12,202412,DIST-009,AGA-902,82577704.0,15212
2024,12,202412,DIST_009,AGA-903,88891214.0,19729
2024,12,202412,DIST-010,AGP-1001,71408344.0,13250
2024,12,202412,DIST_010,AGP-1002,84553449.0,12346
2024,12,202412,DIST-010,AGP-1003,54400724.0,18115
2024,12,202412,DIST-010,AGP-1004,57814372.0,12076
2025,1,202501,DIST_001,AGN-101,82484762.0,8707
2025,1,202501,DIST-001,AGN-102,30392136.0,18248
2025,1,202501,DIST-001,AGN-103,49417015.0,10671
2025,1,202501,DIST-002,AGC-201,73936930.0,19712
2025,1,202501,DIST-002,AGC-202,78708552.0,10462
2025,1,202501,DIST-002,AGC-203,30681044.0,12797
2025,1,202501,DIST-002,AGC-204,75808458.0,12022
2025,1,202501,DIST-003,AGS-301,41250980.0,15598
2025,1,202501,DIST_003,AGS-302,69258439.0,6561
2025,1,202501,DIST-003,AGS-303,47960587.0,11108
2025,1,202501,DIST_003,AGS-304,69694767.0,14089
2025,1,202501,DIST-003,AGS-305,36539023.0,13567
2025,1,202501,DIST-004,AGO-401,61821537.0,6947
2025,1,202501,DIST_004,AGO-402,36730964.0,5402
2025,1,202501,DIST-004,AGO-403,40642633.0,16067
2025,1,202501,DIST-005,AGW-501,82619400.0,11348
2025,1,202501,DIST-005,AGW-502,30627573.0,18627
2025,1,202501,DIST-005,AGW-503,47557037.0,14287
2025,1,202501,DIST-005,AGW-504,65767314.0,18235
2025,1,202501,DIST-006,AGU-601,30093576.0,15281
2025,1,202501,DIST-006,AGU-602,72339049.0,15014
2025,1,202501,DIST-006,AGU-603,42983613.0,19357
2025,1,202501,DIST_007,AGE-701,67292874.0,17150
2025,1,202501,DIST_007,AGE-702,42711624.0,19414
2025,1,202501,DIST-007,AGE-703,43645317.0,14786
2025,1,202501,DIST-007,AGE-704,81521313.0,14216
2025,1,202501,DIST-008,AGM-801,49093952.0,9207
2025,1,202501,DIST_008,AGM-802,60062424.0,8804
2025,1,202501,DIST-008,AGM-803,68385635.0,7160
2025,1,202501,DIST-008,AGM-804,34357257.0,7660
2025,1,202501,DIST_008,AGM-805,83472761.0,13759
2025,1,202501,DIST-009,AGA-901,57038538.0,9705
2025,1,202501,DIST-009,AGA-902,34120549.0,18985
2025,1,202501,DIST-009,AGA-903,30595006.0,11523
2025,1,202501,DIST_010,AGP-1001,83243539.0,9793
2025,1,202501,DIST_010,AGP-1002,31601326.0,14844
2025,1,202501,DIST_010,AGP-1003,50214086.0,5690
2025,1,202501,DIST-010,AGP-1004,75082575.0,5681
2025,2,202502,DIST-001,AGN-101,35596902.0,11907
2025,2,202502,DIST-001,AGN-102,47950319.0,10701
2025,2,202502,DIST-001,AGN-103,71267442.0,14059
2025,2,202502,DIST-002,AGC-201,56516469.0,19243
2025,2,202502,DIST-002,AGC-202,72628894.0,9853
2025,2,202502,DIST-002,AGC-203,50361022.0,14722
2025,2,202502,DIST_002,AGC-204,61627916.0,11290
2025,2,202502,DIST-003,AGS-301,44218731.0,11211
2025,2,202502,DIST-003,AGS-302,37110152.0,9920
2025,2,202502,DIST-003,AGS-303,26364850.0,14553
2025,2,202502,DIST_003,AGS-304,59609783.0,9298
2025,2,202502,DIST-003,AGS-305,42370134.0,7991
2025,2,202502,DIST-004,AGO-401,57966839.0,12148
2025,2,202502,DIST-004,AGO-402,57372961.0,7108
2025,2,202502,DIST-004,AGO-403,26638774.0,11221
2025,2,202502,DIST-005,AGW-501,36928735.0,5615
2025,2,202502,DIST-005,AGW-502,71648616.0,6062
2025,2,202502,DIST_005,AGW-503,81807507.0,6979
2025,2,202502,DIST-005,AGW-504,65151601.0,6734
2025,2,202502,DIST-006,AGU-601,39316472.0,10173
2025,2,202502,DIST-006,AGU-602,69167222.0,11253
2025,2,202502,DIST-006,AGU-603,64594569.0,7195
2025,2,202502,DIST-007,AGE-701,63114656.0,11996
2025,2,202502,DIST-007,AGE-702,69030638.0,11342
2025,2,202502,DIST_007,AGE-703,45979967.0,9795
2025,2,202502,DIST-007,AGE-704,28067292.0,13848
2025,2,202502,DIST_008,AGM-801,77435915.0,14852
2025,2,202502,DIST-008,AGM-802,35503288.0,13864
2025,2,202502,DIST-008,AGM-803,68621722.0,14259
2025,2,202502,DIST-008,AGM-804,42877651.0,6004
2025,2,202502,DIST-008,AGM-805,73047353.0,9287
2025,2,202502,DIST-009,AGA-901,59968579.0,15654
2025,2,202502,DIST_009,AGA-902,66624130.0,5327
2025,2,202502,DIST-009,AGA-903,44864272.0,5284
2025,2,202502,DIST-010,AGP-1001,76750122.0,17355
2025,2,202502,DIST-010,AGP-1002,74871947.0,5077
2025,2,202502,DIST_010,AGP-1003,71793349.0,5513
2025,2,202502,DIST_010,AGP-1004,75163349.0,7694
2025,3,202503,DIST-001,AGN-101,64788697.0,7181
2025,3,202503,DIST_001,AGN-102,99813520.0,10162
2025,3,202503,DIST-001,AGN-103,60372582.0,17611
2025,3,202503,DIST-002,AGC-201,44665605.0,10213
2025,3,202503,DIST-002,AGC-202,57739246.0,6405
2025,3,202503,DIST-002,AGC-203,93110766.0,11468
2025,3,202503,DIST-002,AGC-204,95341038.0,17870
2025,3,202503,DIST_003,AGS-301,81952989.0,10108
2025,3,202503,DIST-003,AGS-302,68511774.0,17683
2025,3,202503,DIST-003,AGS-303,54564501.0,8365
2025,3,202503,DIST-003,AGS-304,65345382.0,7578
2025,3,202503,DIST-003,AGS-305,91867514.0,8048
2025,3,202503,DIST-004,AGO-401,88433143.0,18113
2025,3,202503,DIST_004,AGO-402,78906122.0,9407
2025,3,202503,DIST_004,AGO-403,41156725.0,6114
2025,3,202503,DIST-005,AGW-501,58366845.0,5724
2025,3,202503,DIST_005,AGW-502,46979662.0,11261
2025,3,202503,DIST-005,AGW-503,86170052.0,9024
2025,3,202503,DIST-005,AGW-504,82324462.0,7861
2025,3,202503,DIST-006,AGU-601,46846538.0,13625
2025,3,202503,DIST-006,AGU-602,47454750.0,18539
2025,3,202503,DIST-006,AGU-603,92819254.0,5211
2025,3,202503,DIST-007,AGE-701,34055683.0,19297
2025,3,202503,DIST_007,AGE-702,80304506.0,13635
2025,3,202503,DIST-007,AGE-703,79342943.0,5821
2025,3,202503,DIST-007,AGE-704,93467911.0,7190
2025,3,202503,DIST-008,AGM-801,60578805.0,5145
2025,3,202503,DIST-008,AGM-802,51000168.0,19083
2025,3,202503,DIST-008,AGM-803,85752415.0,18180
2025,3,202503,DIST_008,AGM-804,57263816.0,16154
2025,3,202503,DIST_008,AGM-805,63684974.0,6362
2025,3,202503,DIST-009,AGA-901,82841622.0,16862
2025,3,202503,DIST_009,AGA-902,72808246.0,9626
2025,3,202503,DIST-009,AGA-903,75145055.0,7299
2025,3,202503,DIST_010,AGP-1001,75914513.0,17836
2025,3,202503,DIST_010,AGP-1002,40296657.0,15480
2025,3,202503,DIST-010,AGP-1003,65041059.0,6781
2025,3,202503,DIST_010,AGP-1004,81478635.0,18440
2025,4,202504,DIST_001,AGN-101,97619399.0,17824
2025,4,202504,DIST-001,AGN-102,30254361.0,8607
2025,4,202504,DIST-001,AGN-103,73223244.0,15144
2025,4,202504,DIST-002,AGC-201,96793962.0,11408
2025,4,202504,DIST-002,AGC-202,58467984.0,7598
2025,4,202504,DIST_002,AGC-203,53165422.0,14386
2025,4,202504,DIST-002,AGC-204,49834705.0,12849
2025,4,202504,DIST-003,AGS-301,41285282.0,11263
2025,4,202504,DIST-003,AGS-302,42487070.0,15547
2025,4,202504,DIST-003,AGS-303,75770387.0,12304
2025,4,202504,DIST-003,AGS-304,48806772.0,16213
2025,4,202504,DIST_003,AGS-305,81849006.0,7241
2025,4,202504,DIST_004,AGO-401,51062230.0,10351
2025,4,202504,DIST-004,AGO-402,66609845.0,10067
2025,4,202504,DIST-004,AGO-403,38020495.0,18086
2025,4,202504,DIST-005,AGW-501,80621723.0,12925
2025,4,202504,DIST-005,AGW-502,93600009.0,18798
2025,4,202504,DIST-005,AGW-503,36692437.0,19718
2025,4,202504,DIST_005,AGW-504,56096255.0,19238
2025,4,202504,DIST-006,AGU-601,87203260.0,10878
2025,4,202504,DIST-006,AGU-602,51290559.0,6511
2025,4,202504,DIST_006,AGU-603,87368897.0,12445
2025,4,202504,DIST-007,AGE-701,63092703.0,18205
2025,4,202504,DIST-007,AGE-702,36840321.0,15125
2025,4,202504,DIST-007,AGE-703,94687302.0,13144
2025,4,202504,DIST_007,AGE-704,84581088.0,12810
2025,4,202504,DIST-008,AGM-801,41461931.0,17740
2025,4,202504,DIST-008,AGM-802,67282871.0,18515
2025,4,202504,DIST-008,AGM-803,94648842.0,6587
2025,4,202504,DIST-008,AGM-804,43885000.0,16461
2025,4,202504,DIST_008,AGM-805,53361935.0,19079
2025,4,202504,DIST_009,AGA-901,82629952.0,15087
2025,4,202504,DIST-009,AGA-902,97342530.0,5375
2025,4,202504,DIST-009,AGA-903,51717515.0,11443
2025,4,202504,DIST-010,AGP-1001,92871054.0,15289
2025,4,202504,DIST-010,AGP-1002,74991817.0,12457
2025,4,202504,DIST-010,AGP-1003,56569524.0,12637
2025,4,202504,DIST-010,AGP-1004,38664680.0,14732
2025,5,202505,DIST-001,AGN-101,40754084.0,17972
2025,5,202505,DIST-001,AGN-102,56331615.0,10758
2025,5,202505,DIST-001,AGN-103,94897378.0,19076
2025,5,202505,DIST_002,AGC-201,38224581.0,14530
2025,5,202505,DIST-002,AGC-202,83397519.0,16505
2025,5,202505,DIST-002,AGC-203,53229464.0,19699
2025,5,202505,DIST-002,AGC-204,91833384.0,17595
2025,5,202505,DIST-003,AGS-301,31675709.0,12054
2025,5,202505,DIST-003,AGS-302,89547066.0,8595
2025,5,202505,DIST-003,AGS-303,49722162.0,12577
2025,5,202505,DIST-003,AGS-304,91201267.0,7721
2025,5,202505,DIST-003,AGS-305,43376069.0,10886
2025,5,202505,DIST-004,AGO-401,35143110.0,5607
2025,5,202505,DIST-004,AGO-402,88021350.0,16356
2025,5,202505,DIST_004,AGO-403,74697592.0,9678
2025,5,202505,DIST-005,AGW-501,93288297.0,14572
2025,5,202505,DIST-005,AGW-502,78569159.0,13673
2025,5,202505,DIST-005,AGW-503,57166851.0,6233
2025,5,202505,DIST-005,AGW-504,42522036.0,10435
2025,5,202505,DIST-006,AGU-601,78250328.0,19430
2025,5,202505,DIST-006,AGU-602,72105424.0,14508
2025,5,202505,DIST_006,AGU-603,82457548.0,10285
2025,5,202505,DIST_007,AGE-701,38732252.0,12111
2025,5,202505,DIST-007,AGE-702,34752154.0,5097
2025,5,202505,DIST-007,AGE-703,36900472.0,18630
2025,5,202505,DIST-007,AGE-704,48703933.0,17950
2025,5,202505,DIST_008,AGM-801,39580581.0,9232
2025,5,202505,DIST-008,AGM-802,30493036.0,9020
2025,5,202505,DIST-008,AGM-803,54358511.0,9846
2025,5,202505,DIST-008,AGM-804,51027890.0,8281
2025,5,202505,DIST-008,AGM-805,82849427.0,6246
2025,5,202505,DIST-009,AGA-901,80356525.0,11795
2025,5,202505,DIST-009,AGA-902,89489309.0,6717
2025,5,202505,DIST-009,AGA-903,68960631.0,15418
2025,5,202505,DIST-010,AGP-1001,42302187.0,5831
2025,5,202505,DIST-010,AGP-1002,93468016.0,6491
2025,5,202505,DIST-010,AGP-1003,89263517.0,11447
2025,5,202505,DIST-010,AGP-1004,58833275.0,16766
2025,6,202506,DIST-001,AGN-101,47452573.0,16957
2025,6,202506,DIST-001,AGN-102,56687753.0,5061
2025,6,202506,DIST-001,AGN-103,84226390.0,18116
2025,6,202506,DIST-002,AGC-201,94432043.0,13671
2025,6,202506,DIST-002,AGC-202,85256306.0,8090
2025,6,202506,DIST_002,AGC-203,61436452.0,6335
2025,6,202506,DIST_002,AGC-204,97391587.0,5680
2025,6,202506,DIST-003,AGS-301,86330920.0,13929
2025,6,202506,DIST-003,AGS-302,87630473.0,17599
2025,6,202506,DIST-003,AGS-303,62760840.0,18848
2025,6,202506,DIST-003,AGS-304,55013977.0,5253
2025,6,202506,DIST-003,AGS-305,116773446.0,14994
2025,6,202506,DIST_004,AGO-401,82235244.0,16022
2025,6,202506,DIST-004,AGO-402,65901092.0,7081
2025,6,202506,DIST-004,AGO-403,69912962.0,18386
2025,6,202506,DIST-005,AGW-501,37832711.0,14308
2025,6,202506,DIST-005,AGW-502,104058980.0,6524
2025,6,202506,DIST-005,AGW-503,49204658.0,5256
2025,6,202506,DIST-005,AGW-504,82212773.0,8799
2025,6,202506,DIST-006,AGU-601,50592952.0,16440
2025,6,202506,DIST-006,AGU-602,92530187.0,19509
2025,6,202506,DIST-006,AGU-603,51621390.0,13291
2025,6,202506,DIST-007,AGE-701,52936144.0,10572
2025,6,202506,DIST-007,AGE-702,119987748.0,18850
2025,6,202506,DIST-007,AGE-703,77454888.0,19280
2025,6,202506,DIST_007,AGE-704,39089318.0,15753
2025,6,202506,DIST_008,AGM-801,105689198.0,7140
2025,6,202506,DIST-008,AGM-802,113245141.0,5783
2025,6,202506,DIST-008,AGM-803,80209678.0,5705
2025,6,202506,DIST-008,AGM-804,112217160.0,11575
2025,6,202506,DIST_008,AGM-805,92940996.0,15686
2025,6,202506,DIST-009,AGA-901,45773816.0,11090
2025,6,202506,DIST-009,AGA-902,105244583.0,10591
2025,6,202506,DIST-009,AGA-903,41629985.0,10327
2025,6,202506,DIST-010,AGP-1001,93074461.0,18242
2025,6,202506,DIST-010,AGP-1002,63994058.0,12090
2025,6,202506,DIST_010,AGP-1003,96750210.0,17476
2025,6,202506,DIST-010,AGP-1004,64079015.0,8752
2025,7,202507,DIST_001,AGN-101,32701809.0,7215
2025,7,202507,DIST-001,AGN-102,71619517.0,18896
2025,7,202507,DIST-001,AGN-103,45214196.0,15159
2025,7,202507,DIST-002,AGC-201,41361251.0,19329
2025,7,202507,DIST_002,AGC-202,86347674.0,6055
2025,7,202507,DIST_002,AGC-203,57629027.0,9080
2025,7,202507,DIST-002,AGC-204,39650033.0,7784
2025,7,202507,DIST-003,AGS-301,94465740.0,8297
2025,7,202507,DIST-003,AGS-302,50668687.0,9688
2025,7,202507,DIST-003,AGS-303,58833501.0,15444
2025,7,202507,DIST-003,AGS-304,67135638.0,9003
2025,7,202507,DIST-003,AGS-305,95061069.0,18487
2025,7,202507,DIST-004,AGO-401,96533217.0,15926
2025,7,202507,DIST-004,AGO-402,71015934.0,9219
2025,7,202507,DIST-004,AGO-403,50877596.0,12184
2025,7,202507,DIST_005,AGW-501,31898850.0,10423
2025,7,202507,DIST-005,AGW-502,61496183.0,10409
2025,7,202507,DIST-005,AGW-503,56676589.0,9151
2025,7,202507,DIST-005,AGW-504,51311739.0,11559
2025,7,202507,DIST-006,AGU-601,71532592.0,18237
2025,7,202507,DIST_006,AGU-602,89740734.0,17428
2025,7,202507,DIST-006,AGU-603,68797817.0,11272
2025,7,202507,DIST-007,AGE-701,66995347.0,9076
2025,7,202507,DIST-007,AGE-702,95356107.0,14188
2025,7,202507,DIST-007,AGE-703,71625901.0,14071
2025,7,202507,DIST-007,AGE-704,89051810.0,5372
2025,7,202507,DIST-008,AGM-801,41846299.0,14455
2025,7,202507,DIST-008,AGM-802,47167814.0,14020
2025,7,202507,DIST-008,AGM-803,63621529.0,6672
2025,7,202507,DIST-008,AGM-804,56947709.0,6630
2025,7,202507,DIST-008,AGM-805,99951573.0,6368
2025,7,202507,DIST-009,AGA-901,70540647.0,12936
2025,7,202507,DIST-009,AGA-902,65040239.0,18176
2025,7,202507,DIST-009,AGA-903,32165471.0,7976
2025,7,202507,DIST-010,AGP-1001,96282269.0,7294
2025,7,202507,DIST-010,AGP-1002,70645389.0,6095
2025,7,202507,DIST-010,AGP-1003,30100206.0,9046
2025,7,202507,DIST_010,AGP-1004,96333969.0,14591
2025,8,202508,DIST-001,AGN-101,81164120.0,18914
2025,8,202508,DIST-001,AGN-102,56401290.0,8937
2025,8,202508,DIST-001,AGN-103,72024567.0,9340
2025,8,202508,DIST-002,AGC-201,49168661.0,18153
2025,8,202508,DIST-002,AGC-202,66980345.0,11455
2025,8,202508,DIST_002,AGC-203,77579175.0,7829
2025,8,202508,DIST-002,AGC-204,85292962.0,11838
2025,8,202508,DIST-003,AGS-301,74882238.0,15942
2025,8,202508,DIST-003,AGS-302,63566916.0,8787
2025,8,202508,DIST_003,AGS-303,82204143.0,7382
2025,8,202508,DIST-003,AGS-304,66453931.0,11132
2025,8,202508,DIST-003,AGS-305,85063024.0,9181
2025,8,202508,DIST-004,AGO-401,62216546.0,11406
2025,8,202508,DIST-004,AGO-402,80732292.0,5687
2025,8,202508,DIST_004,AGO-403,69202575.0,15445
2025,8,202508,DIST-005,AGW-501,95933566.0,11338
2025,8,202508,DIST-005,AGW-502,41733655.0,11329
2025,8,202508,DIST_005,AGW-503,75405443.0,8959
2025,8,202508,DIST-005,AGW-504,92021445.0,13708
2025,8,202508,DIST-006,AGU-601,66724208.0,10947
2025,8,202508,DIST-006,AGU-602,59355934.0,11579
2025,8,202508,DIST-006,AGU-603,31611195.0,11389
2025,8,202508,DIST-007,AGE-701,47584888.0,18913
2025,8,202508,DIST_007,AGE-702,80112717.0,11559
2025,8,202508,DIST-007,AGE-703,34543384.0,9770
2025,8,202508,DIST-007,AGE-704,64443877.0,11587
2025,8,202508,DIST-008,AGM-801,70051262.0,12398
2025,8,202508,DIST-008,AGM-802,99068817.0,16123
2025,8,202508,DIST-008,AGM-803,66704275.0,9667
2025,8,202508,DIST-008,AGM-804,38493499.0,16035
2025,8,202508,DIST-008,AGM-805,91744440.0,6983
2025,8,202508,DIST-009,AGA-901,38795449.0,19995
2025,8,202508,DIST-009,AGA-902,38073285.0,14130
2025,8,202508,DIST-009,AGA-903,68453306.0,11728
2025,8,202508,DIST_010,AGP-1001,36824088.0,15108
2025,8,202508,DIST-010,AGP-1002,74704618.0,18465
2025,8,202508,DIST_010,AGP-1003,30790999.0,7075
2025,8,202508,DIST-010,AGP-1004,84932434.0,17641
2025,9,202509,DIST-001,AGN-101,93569351.0,10479
2025,9,202509,DIST_001,AGN-102,46054984.0,12474
2025,9,202509,DIST-001,AGN-103,88065150.0,8608
2025,9,202509,DIST-002,AGC-201,65413431.0,10570
2025,9,202509,DIST-002,AGC-202,73975246.0,5102
2025,9,202509,DIST-002,AGC-203,43039795.0,14324
2025,9,202509,DIST_002,AGC-204,66143219.0,8860
2025,9,202509,DIST-003,AGS-301,69189643.0,5327
2025,9,202509,DIST-003,AGS-302,37017572.0,16189
2025,9,202509,DIST-003,AGS-303,32464668.0,16146
2025,9,202509,DIST_003,AGS-304,57343063.0,16402
2025,9,202509,DIST-003,AGS-305,95151417.0,9361
2025,9,202509,DIST-004,AGO-401,83591108.0,19969
2025,9,202509,DIST-004,AGO-402,40515979.0,6848
2025,9,202509,DIST-004,AGO-403,50737756.0,15822
2025,9,202509,DIST_005,AGW-501,83063291.0,16470
2025,9,202509,DIST-005,AGW-502,68835790.0,19503
2025,9,202509,DIST-005,AGW-503,46075161.0,10283
2025,9,202509,DIST_005,AGW-504,49270851.0,11504
2025,9,202509,DIST-006,AGU-601,75585195.0,12403
2025,9,202509,DIST-006,AGU-602,48643133.0,6374
2025,9,202509,DIST-006,AGU-603,58386596.0,18054
2025,9,202509,DIST_007,AGE-701,71963625.0,17767
2025,9,202509,DIST_007,AGE-702,42579671.0,7110
2025,9,202509,DIST_007,AGE-703,90198296.0,15099
2025,9,202509,DIST_007,AGE-704,36911878.0,18658
2025,9,202509,DIST-008,AGM-801,78393169.0,5126
2025,9,202509,DIST-008,AGM-802,31494835.0,18655
2025,9,202509,DIST-008,AGM-803,43668126.0,5565
2025,9,202509,DIST-008,AGM-804,73862775.0,6522
2025,9,202509,DIST-008,AGM-805,52838070.0,18874
2025,9,202509,DIST-009,AGA-901,34720723.0,19356
2025,9,202509,DIST-009,AGA-902,58345810.0,9563
2025,9,202509,DIST-009,AGA-903,59863962.0,12195
2025,9,202509,DIST_010,AGP-1001,35032660.0,8451
2025,9,202509,DIST-010,AGP-1002,67390522.0,16989
2025,9,202509,DIST-010,AGP-1003,89487715.0,8922
2025,9,202509,DIST_010,AGP-1004,37906422.0,9631
2025,10,202510,DIST-001,AGN-101,33457382.0,12307
2025,10,202510,DIST_001,AGN-102,94889764.0,6062
2025,10,202510,DIST-001,AGN-103,50226319.0,7103
2025,10,202510,DIST-002,AGC-201,92596023.0,10072
2025,10,202510,DIST-002,AGC-202,53573803.0,19354
2025,10,202510,DIST-002,AGC-203,50157662.0,16288
2025,10,202510,DIST-002,AGC-204,82394162.0,13393
2025,10,202510,DIST-003,AGS-301,67925095.0,14090
2025,10,202510,DIST-003,AGS-302,93593860.0,10087
2025,10,202510,DIST_003,AGS-303,74895681.0,18136
2025,10,202510,DIST-003,AGS-304,46759651.0,6604
2025,10,202510,DIST_003,AGS-305,40501306.0,6901
2025,10,202510,DIST-004,AGO-401,54860917.0,13705
2025,10,202510,DIST-004,AGO-402,93547592.0,12151
2025,10,202510,DIST-004,AGO-403,75362562.0,13438
2025,10,202510,DIST-005,AGW-501,64495710.0,8089
2025,10,202510,DIST-005,AGW-502,60691650.0,8828
2025,10,202510,DIST-005,AGW-503,74146559.0,19030
2025,10,202510,DIST-005,AGW-504,37660683.0,7211
2025,10,202510,DIST-006,AGU-601,79379525.0,8622
2025,10,202510,DIST_006,AGU-602,55559632.0,5014
2025,10,202510,DIST-006,AGU-603,33217809.0,6841
2025,10,202510,DIST_007,AGE-701,62883622.0,5303
2025,10,202510,DIST-007,AGE-702,69563308.0,11404
2025,10,202510,DIST-007,AGE-703,87153066.0,6180
2025,10,202510,DIST_007,AGE-704,80999280.0,11190
2025,10,202510,DIST-008,AGM-801,88089060.0,9784
2025,10,202510,DIST-008,AGM-802,73203651.0,16127
2025,10,202510,DIST-008,AGM-803,43732355.0,11619
2025,10,202510,DIST-008,AGM-804,50319240.0,17422
2025,10,202510,DIST-008,AGM-805,64539773.0,11821
2025,10,202510,DIST-009,AGA-901,74489078.0,7336
2025,10,202510,DIST_009,AGA-902,84823524.0,13952
2025,10,202510,DIST-009,AGA-903,56980152.0,10703
2025,10,202510,DIST-010,AGP-1001,48508096.0,18305
2025,10,202510,DIST-010,AGP-1002,46249956.0,12323
2025,10,202510,DIST_010,AGP-1003,51525956.0,17294
2025,10,202510,DIST-010,AGP-1004,73510794.0,13430
2025,11,202511,DIST-001,AGN-101,92056457.0,9419
2025,11,202511,DIST_001,AGN-102,73743694.0,17418
2025,11,202511,DIST-001,AGN-103,56704733.0,15786
2025,11,202511,DIST-002,AGC-201,113344466.0,16743
2025,11,202511,DIST_002,AGC-202,115590785.0,18497
2025,11,202511,DIST_002,AGC-203,52792372.0,6545
2025,11,202511,DIST_002,AGC-204,67164428.0,15609
2025,11,202511,DIST-003,AGS-301,94886084.0,7466
2025,11,202511,DIST-003,AGS-302,59835508.0,14107
2025,11,202511,DIST_003,AGS-303,94046436.0,5278
2025,11,202511,DIST_003,AGS-304,61635634.0,13821
2025,11,202511,DIST_003,AGS-305,106596538.0,13879
2025,11,202511,DIST-004,AGO-401,68215206.0,10278
2025,11,202511,DIST-004,AGO-402,38797440.0,11669
2025,11,202511,DIST_004,AGO-403,89213146.0,16816
2025,11,202511,DIST_005,AGW-501,73055129.0,13511
2025,11,202511,DIST-005,AGW-502,103600016.0,16516
2025,11,202511,DIST-005,AGW-503,90413417.0,18510
2025,11,202511,DIST-005,AGW-504,82703100.0,5216
2025,11,202511,DIST_006,AGU-601,76077716.0,10195
2025,11,202511,DIST-006,AGU-602,92193481.0,12649
2025,11,202511,DIST-006,AGU-603,56660785.0,9046
2025,11,202511,DIST-007,AGE-701,52381206.0,6455
2025,11,202511,DIST-007,AGE-702,38959838.0,9067
2025,11,202511,DIST_007,AGE-703,76178194.0,18053
2025,11,202511,DIST-007,AGE-704,39005178.0,17400
2025,11,202511,DIST-008,AGM-801,104515884.0,19876
2025,11,202511,DIST-008,AGM-802,39819960.0,11363
2025,11,202511,DIST_008,AGM-803,53405944.0,17440
2025,11,202511,DIST-008,AGM-804,40522134.0,12158
2025,11,202511,DIST-008,AGM-805,77556450.0,18482
2025,11,202511,DIST-009,AGA-901,65630116.0,8909
2025,11,202511,DIST-009,AGA-902,84276574.0,12169
2025,11,202511,DIST-009,AGA-903,106767694.0,14371
2025,11,202511,DIST-010,AGP-1001,41049160.0,9211
2025,11,202511,DIST_010,AGP-1002,40030342.0,5727
2025,11,202511,DIST_010,AGP-1003,41611931.0,11425
2025,11,202511,DIST-010,AGP-1004,55698362.0,12343
2025,12,202512,DIST_001,AGN-101,104013231.0,14769
2025,12,202512,DIST_001,AGN-102,49029254.0,6762
2025,12,202512,DIST-001,AGN-103,88897024.0,17575
2025,12,202512,DIST-002,AGC-201,65077645.0,5753
2025,12,202512,DIST-002,AGC-202,119398138.0,17476
2025,12,202512,DIST-002,AGC-203,105452747.0,10438
2025,12,202512,DIST-002,AGC-204,73362058.0,18748
2025,12,202512,DIST-003,AGS-301,101759770.0,14954
2025,12,202512,DIST-003,AGS-302,105945074.0,18574
2025,12,202512,DIST-003,AGS-303,106695113.0,12840
2025,12,202512,DIST-003,AGS-304,124423282.0,15161
2025,12,202512,DIST-003,AGS-305,111458964.0,5274
2025,12,202512,DIST-004,AGO-401,133512904.0,11392
2025,12,202512,DIST-004,AGO-402,90763688.0,12259
2025,12,202512,DIST-004,AGO-403,72610819.0,13614
2025,12,202512,DIST_005,AGW-501,112248850.0,5650
2025,12,202512,DIST-005,AGW-502,51639666.0,13989
2025,12,202512,DIST-005,AGW-503,113780012.0,17944
2025,12,202512,DIST-005,AGW-504,100015299.0,16784
2025,12,202512,DIST-006,AGU-601,67687988.0,12587
2025,12,202512,DIST-006,AGU-602,80638996.0,15920
2025,12,202512,DIST-006,AGU-603,102210423.0,17547
2025,12,202512,DIST_007,AGE-701,65734068.0,12044
2025,12,202512,DIST_007,AGE-702,106640282.0,10322
2025,12,202512,DIST-007,AGE-703,67105417.0,17612
2025,12,202512,DIST-007,AGE-704,121864100.0,15619
2025,12,202512,DIST-008,AGM-801,108689784.0,15597
2025,12,202512,DIST-008,AGM-802,129573465.0,13884
2025,12,202512,DIST_008,AGM-803,48081824.0,15989
2025,12,202512,DIST-008,AGM-804,61851776.0,8412
2025,12,202512,DIST_008,AGM-805,64692643.0,18250
2025,12,202512,DIST-009,AGA-901,137767776.0,8343
2025,12,202512,DIST-009,AGA-902,132625090.0,16920
2025,12,202512,DIST_009,AGA-903,127813924.0,13189
2025,12,202512,DIST-010,AGP-1001,95597335.0,13886
2025,12,202512,DIST-010,AGP-1002,66638419.0,10261
2025,12,202512,DIST-010,AGP-1003,74141136.0,11478
2025,12,202512,DIST_010,AGP-1004,72006893.0,17000
